tweet,sentiment
I znÃ³w wyszedÅ‚eÅ› na idiotÄ™ Å‚ysa paÅ‚o,negative
KtÃ³re media sÄ… wolne?,neutral
"Wolne media? Tusk teraz zwiewa przed wolnymi mediami, a telewizjÄ™, ktÃ³ra puszcza jego wÅ‚asne sÅ‚owa, pozywa do sÄ…du, maÅ‚o tego, nawet sprostowania nie Å¼Ä…da, wiesz moÅ¼e dlaczego? ğŸ˜‚",negative
Brak szacunku? Ty to dobrze znasz!,negative
WÅ‚aÅ›nie ğŸ‘,positive
Borys Ty Leninie zagorzaÅ‚y ğŸ¤£ğŸ¤£,negative
.. rekomendujÄ™ wygoogle'aÄ‡ znaczenie terminu 'szacunek' i siÄ™ go naumieÄ‡...ğŸ…,negative
I teraz czytamy takie gÅ‚upie wypowiedzi ğŸ˜œ,negative
Spierdalaj  #R,negative
"Dobrze Borys mÃ³wisz,  nie zasÅ‚ugujecie na rzÄ…dzenie w Å¼adnym kraju!!ğŸ‘ğŸ¤£ğŸ¤£",negative
To dopiero poczÄ…tek...,positive
"To tak jak Wy. TeÅ¼ nie uznajecie wynikÃ³w demokratycznych wyborÃ³w. PodwaÅ¼acie wszelkie nominacje na rÃ³Å¼ne urzÄ™dy. Nie uznajecie TK, niektÃ³rych sÄ™dziÃ³w SN, sÄ™dziÃ³w sÄ…dÃ³w powszechnych. PowoÅ‚aliÅ›cie KOD, jeszcze przed wyborami w 2015 r., okupowaliscie Sejm.",negative
"Oni owszem nie zasÅ‚ugujÄ… to prawda.  Ale Ty teÅ¼ nie, ani Å¼aden z Twoich ""ziomali"" z Å‚awki.",negative
Ty siÄ™ nawet do kurnika nie nadajesz jako sprzÄ…tacz....,negative
"""Kup se flaszkÄ™ i walnij siÄ™ w czaszkÄ™"" zgodnie z wolÄ…  Pani  Jachiry",negative
ZmiÅ‚uj siÄ™ Pan i idÅº do psychiatryka te ukryte pedalstwo z Pana strony da siÄ™ wyleczyÄ‡,negative
"Teraz pan juÅ¼ jesteÅ› nie na Marsie, ale poleciaÅ‚es w innÄ… galaktykÄ™ ğŸ˜‚ğŸ˜‚ğŸ˜‚",negative
"a kto to?, a gdzie to? - podwaÅ¼ali 7 lat temu wynik wyborÃ³w, blokowali sejm, szturmowali go po wygranej PiS",negative
A ciamajdan to co to byÅ‚o. Nie rÃ³b z ludzi idiotÃ³w. JesteÅ›cie z Plusem siebie warci.,negative
Warto z siebie robiÄ‡ idiotÄ™? WidaÄ‡ warto ğŸ˜…,negative
"Na szczÄ™Å›cie we Francji, Niemczech, Belgii, Danii,Szwecji jest demokracja i poszanowanie wartoÅ›ci - tylko ciapaci inÅ¼ynierowie na socjalu to potrafiÄ… doceniÄ‡ i siÄ™ dobrze bawiÄ‡.Niby coÅ› tam spalÄ…, zdemolujÄ…, pobijÄ… biaÅ‚asÃ³w, wypÄ™dzÄ… ich  z miast,paru zastrzelÄ…, czy zadÅºgajÄ….OK.",neutral
jak zawsze; glupi post spod Budki z piwem,negative
Polacy!!!! Trwa zamach stanu!!!! Policzycie siÄ™ na ulicach!!!!!,neutral
A nie wwozili zadymiarzy w bagaÅ¼nikach? SÅ‚abo! PowinniÅ›cie ich podszkoliÄ‡.ğŸ˜,negative
ğŸ¤£ğŸ¤£ğŸ¤£,negative
A ciamajdan i okupacja Sejmu? Historia was rozliczy...,negative
Kretynie. A kto Å›piewaÅ‚ z mÃ³wnicy sejmowej i organizowaÅ‚ pucze? Nie wstyd rano patrzeÄ‡ Ci w lustro ?,negative
"eurokolchozwy/komunisyczny Hipokryta.
Popatrz ba diebie i tobie podobnym a potem dawaj lekcje umoralniajace",negative
JeÅ¼eli hipokryzje moÅ¼naby liczy w kilometrach to z caÅ‚Ä… PO bylibyÅ›cie juÅ¼ w okolicy Jowisza.,negative
NapisaÅ‚ naczelny populista tenkraju... idi naxui worku rubli!,negative
A pamietasz sklerozo. Mucha i przebÃ³j. Nie pucz kiedy odjadÄ™. KÅ‚amczuchy krÄ™tacze i kombinatorzy. Precz.,negative
I czego to dowodzi?,neutral
"Panie Kowal, Panie KamiÅ„ski, Panie Ujazdowski, Panie Poncyljusz, Pani Gronkiewicz itp.. - wiem ""pecunia non olet"" ğŸ¤£ğŸ¤£ğŸ¤£",negative
to tak samo jak wasi z lewicy.Nie uznaja demokratycznych wyborow i zachecaja ludzi do zamieszek na ulicach .Ale Å¼eÅ› trafiÅ‚ Pupka,negative
Åadnych macie wspÃ³lnikÃ³w...,negative
Hipokryzja*,negative
"SÅ‚yszysz sam siebie Budka, przecieÅ¼ to co staÅ‚o siÄ™ w Brazyli, to to wasz idol obiecuje, jak przegracie w wyborach. ğŸ¤¨",negative
Ale to wy przegracie i znow bedziecie sejm okupowac.,negative
"Czas najwyÅ¼szy Å¼ebyÅ› wrÃ³ciÅ‚ do siebie, do kibla",negative
"Ty tak na serio????? - prezydent, parlament, trybunaÅ‚ konstytucyjny, sÄ…d najwyÅ¼szy, rzecznik praw dziecka, rzecznik praw obywatelskich (po odwoÅ‚aniu zastÄ™pczyni), straÅ¼ graniczna, policja - oj Borys- Å›mieszny jesteÅ›- i super Å¼e siÄ™ w koÅ„cu zadeklarowaliÅ›cie jako lewica ğŸ¤£ğŸ¤£",negative
OTO WYBORCY OPOZYCJI.ğŸ¤¬ğŸ¤¬ğŸ¤®ğŸ¤¡,negative
Nawet szkoda z tobÄ… dyskutowaÄ‡ Å‚ysa paÅ‚o,negative
"Ty Imbecylu, ty nawet nie wiesz co to kÅ‚amstwo !",negative
Rzucasz oskarÅ¼enia na innych ty jesteÅ› nie lepszy od nich zdrajco sprzedawczyku w Brukseli nie zle waÅ‚ki kreciliscie razem z dotkiem,negative
Teraz PiS to Pedofilia? CaÅ‚kiem trafnie,positive
Ty myÅ›lisz Å¼e ludzie nie pamiÄ™tajÄ… co wyÅ›cie wyprawiali w Sejmie WÅ‚adza totalny bÅ‚Ä…d popeÅ‚niÅ‚a Trzeba byÅ‚o zrobiÄ‡ tak jak w Brazylii WÅ‚adza miaÅ‚a mandat spoÅ‚eczny Paly powinne tylko gwizdac po waszych plecach,negative
No Borys! Jak ty mnie zaimponowaÅ‚eÅ› tÄ… samokrytykÄ…!,negative
"..czytajÄ…c to juÅ¼ myÅ›laÅ‚em, Å¼e to na wspominki z ostatnich wyborÃ³w przyszÅ‚o..",negative
"""NIE"" ;)",neutral
"ÅšmierÄ‡ Diduszki w czasie Ciamajdanu to nie byÅ‚ strach przed wyborcza poraÅ¼kÄ…? Pewnie dlatego oÅ¼yÅ‚, ze wstydu.",negative
"PamiÄ™tasz Å‚abÄ™dzi Å›piew Muchy w roku 2016, Å¼e znowu z puczem wam nie wyszÅ‚o?",negative
"PrzecieÅ¼ Budka to paranoik, wiÄ™c proszÄ™ siÄ™ nie ekscytowaÄ‡. To dureÅ„ majÄ…cy nas wszystkich za durniÃ³w. Klasyka schizofrenii. KaÅ¼dy psychiatra to potwierdzi.",negative
"KaÅ¼dy rzÄ…d jest wrogiem ludzi.

To widaÄ‡ coraz czÄ™Å›ciej.

RzÄ…d to podatki, wojny, milicja i wÅ‚adza dla wybranych.

Po co to zwykÅ‚ym ludziom?

Å»Å‚oby tylko wam sÄ… potrzebne Å¼eby nakraÅ›Ä‡ doczesne dobra.",negative
"Po pierwsze wybory w Brazylii byÅ‚y oszukane. Po drugie demokracja to tak naprawdÄ™ dupokracja,gdzie gÅ‚upi zaÅ›lepieni ludzie wybierajÄ… jeszcze gÅ‚upszych rzÄ…dzÄ…cy. (tak wiÄ™kszoÅ›Ä‡ ludzi to gÅ‚upki)",negative
ZaÅ‚Ã³Å¼ perukÄ™ bo rozum wtedy nie uleci caÅ‚kiem.,negative
Znowu debile ktoÅ› wam napisaÅ‚. JuÅ¼ kilka takich samych wpisÃ³w widziaÅ‚em.,negative
"MaÅ‚a sugestia, ludzi nawet z innych krajÃ³w Europy moÅ¼na Å›ciÄ…gnÄ…Ä‡, wszystkich tych ktÃ³rzy sprzeciwiajÄ… sie rusyfikacji i federalizacji np z  WÄ™gier, Ukrainy, WÅ‚och. Kowalski Robert, PoznaÅ„",negative
Panie Marku oni majÄ… zapaÅ›Ä‡ umysÅ‚owÄ… razem z rudm i trzecim,negative
"Åysy. JuÅ¼ zupeÅ‚nie odleciaÅ‚eÅ› ,ğŸ˜‚",negative
Ma pan w domu lustro?,negative
"ty jeszcze tutaj? tu doroÅ›li sÄ…, bierz zabawki i wypad do piaskownicy.",negative
Boryslawie kup sobie tupecik to moÅ¼e bÄ™dziesz madrzejszy i reszta zwojÃ³w ci n*******doli baj lgbt.,negative
"Wy , komuniÅ›ci populizm i nienawiÅ›Ä‡ do wszystkich , ktÃ³rzy nie sÄ… z wami wyssaliÅ›cie z mlekiem Marksa, Engelsa, Lenina, Trockiego.
   Takimi dzieciakami rewolucji masoÅ„scy bankierzy ze wschodniego wybrzeÅ¼a USA karmiÄ… ogÅ‚upiony lud biorÄ…cy kolejne szpryce.
   Bye, bye czerwoni...",negative
"A to sejm ktos atakowaÅ‚, czy go sobie sprywatyzowaliscie?",negative
"juÅ¼ juÅ¼, nie poplacz sie i nie brnij dalej.
im bardziej jadaczke otwierasz tym bardziej burakiem wali.",negative
"GÅ‚upcze manipulatorku! Wszak to wy po przegranych wyborach wyprowadziliscie ludzi na ulicÄ™ i prÃ³bowaliÅ›cie namÃ³wiÄ‡ ich do szturmu na instytucje paÃ±stwowe. Tyle,Å¼e wyprowadzony lud wolaÅ‚ pokrzyczeÄ‡ i iÅ›Ä‡ ale do domu niÅ¼ arakowaÄ‡ pisiorÃ³w ğŸ˜‚",negative
"Wszystko siÄ™ zgadza, poza jednym bÅ‚Ä™dem. Powinno byÄ‡ ""patoopozycyjnych populistÃ³w"".",negative
"... Poza tym ustawy byÅ‚y zawsze badene przez TK i niektÃ³re byÅ‚y odrzucane jako niezgodne z konstytucjÄ…. TK rozjebaÅ‚ PiS wsadzajÄ…c kucharkÄ™ i swoich nominatÃ³w, ktÃ³rym wydaje polecenia i tu jest problem mÅ‚ody mongoli synuğŸ™‚2/2",neutral
"Organizujcie setki tyÅ› lub miliony zwykÅ‚ych ludzi, po wyborach, spoÅ‚eczeÅ„stwo, musi doczekaÄ‡ sie rozliczenia, przestepczej, zdradzieckiej mafii Tuska. Kowalski Robert, PoznaÅ„",negative
"A przypomnij goÅ›ciu, co byÅ‚o 16.12.2016r.? A co robi ta locha Lempart ze swoimi bandytami? CzyÅ¼ nie sÄ… to ataki ba demokratycznie wybranÄ… wÅ‚adze? A wasze obrzydliwe podpierâ€¦e Polski w UE? JesteÅ›cie jeszcze gorsi, bo Å›miecie nazywaÄ‡ siÄ™ demokratami i Å›wiatÅ‚Ä… cywilizacjÄ… ğŸ¤®",negative
"Ja pierdole jaki ty gÅ‚Ä…b jesteÅ›. Wybrali wiÄ™cej niÅ¼ konstytucja dopuszczaÅ‚a, ale byÅ‚ TK, ktÃ³ry to zmieniÅ‚. Gdzie tu masz naruszenie konstytucji? PraworzÄ…dnoÅ›Ä‡ nie jest wtedy gdy prawo nie jest Å‚amane tylko wtedy gdy jest Å‚amane ale jest sÄ…d, ktÃ³ry to orzeknie i wyda wyrokğŸ¤¦â€â™‚ï¸1/2",negative
To dokÅ‚adnie tak samo jak Wy w sprawie TrybunaÅ‚u.,negative
"A to nie przeciwko Wam Sejmu broniÅ‚a Policja?
A to nie wy kÅ‚adliÅ›cie siÄ™ na asfalcie udajÄ…c ofiary policji? 
A to nie Wy blokowaliÅ›cie obrady sejmu i salÄ™ plenarnÄ…?
To juÅ¼ paranoja nie skleroza PARANOJA!!!!!",negative
"Walczcie o honor PolakÃ³w. WÅ‚adza chce wysyÅ‚aÄ‡ nasze wojsko na haÅ„biÄ…cÄ… walkÄ™ za banderowskÄ… UkrainÄ™. WalczyÄ‡ majÄ… potomkowie rodzin przeÅ›ladowanych przez UPA. To niegodziwe! MoÅ¼na pomagaÄ‡ inaczej!UchodÅºcom, sprzÄ™tem wojskowym ale nie zmuszajmy ludzi,ktÃ³rych dziadkowie cierpieli!",neutral
"Tam bodajÅ¼e chodziÅ‚o o zablokowanie ustawy budÅ¼etowej, przez co mÃ³gÅ‚by upaÅ›Ä‡ rzÄ…d. Zapewne pierwszorzÄ™dni fachowcy z BND podsunÄ™li im ten pomysÅ‚.",neutral
"A pan to czasem nie blokowaÅ‚ mÃ³wnicy sejmowej?! Polityk to taka menda, ktÃ³ra swoich czynÃ³w nie widzi tylko innych! Zarzut tyczy siÄ™ wszystkich stron Å¼ycia politycznego w Polsce! ğŸ¤®ğŸ¤®ğŸ¤®ğŸ¤®ğŸ¤®",negative
A maÅ‚py powinny byÄ‡ zamkniÄ™te w zoo!!!!,negative
"""Na ulicy siÄ™ zorganizujemy, jeÅ›li ta wÅ‚adza nie zniknie"". TwÃ³j szef takie metody planuje.",negative
"Spadaj, nie macie szans, kto wygra?
Ci ktÃ³rzy na to zasÅ‚ugujÄ…",negative
"Borys. PiÅ‚eÅ›, nie pisz.",negative
GOMULKA POjebow ZAPOMNIAL O CIAMAJDANIE,negative
"Przypomnij sobie Pan rok 2016 i co wyprawialiÅ›cie.Chyba teÅ¼ zaliczacie siÄ™ do ""prawych"" populistÃ³w.",negative
"Ty je.....ny czerwony parchu,kompromituj siÄ™ tak dalej ğŸ‘ğŸ‘ğŸ‘ğŸ¤£ğŸ¤£ğŸ¤£ğŸ¤£a 50% PiS na bank bÄ™dzie",negative
PeÅ‚owska swoÅ‚ocz ğŸ¤®,negative
"Budka ty potrafisz bÅ‚ysnÄ…Ä‡, ale jak zawsze gÅ‚upotÄ…. Kto prÃ³buje na wszelkie sposoby od 2015  roku obaliÄ‡ demokratycznie wybrany rzÄ…d w Polsce?
Jest pewna zasada, zanim coÅ› powiesz lub zrobisz to pomyÅ›l.",negative
"SÅ‚ychaÄ‡ wycie znakomicie, wy jesteÅ›cie niezdolni do rzÄ…dzenia co byÅ‚o widaÄ‡ jak rzÄ…dziliÅ›cie razem z zsl",negative
A co ukradli? MoÅ¼e jeszcze do wÅ‚asnych kieszeni?!!,neutral
A teraz robi to samo Tusk!!!,negative
"Acha, jakim krajem, wy nie zasÅ‚ugujecie  by rzÄ…dziÄ‡ w kurniku. Prosto drobiu szkoda.",negative
Od 2015 BND nie uznaje demokratycznych roztrzygniÄ™Ä‡ w Polsce i za pomocÄ… takich kukieÅ‚ jak ty sieje zamÄ™t,negative
Lewackie mordy... prujÄ…,negative
To co napisaÅ‚eÅ› Budka to siÄ™ nazywa w waszej nomenklaturze komunistycznej samokrytyka. Bardzo Å‚adnie. Teraz poproÅ› o przeniesienie,negative
"A u nas lewaki wychodzÄ… na ulice i robiÄ… burdy, i atakujÄ… lokale prawicy",negative
"UkradliÅ›cie nam paÅ„stwo, sprywatyzowaliÅ›cie i zrobiliÅ›cie korporacjÄ…. Zamknij mordÄ™ zdrajco bo przyjdzie czas odsieczy i gÅ‚owy zdrajcÃ³w spadnÄ…!!!",negative
Tobie sÄ… bardzo bliscy lewi populiÅ›ci.,negative
IdÅº precz lewaku!!!!!!,negative
ZupeÅ‚nie jak platforma po przegranych wyborach i to podwÃ³jnie,negative
"Tworzenie Kodu, zamieszki pod TK, wyzywanie wÅ‚adz,  wyprowadzanie loch na ulicÄ™ . 
Strach przed prawdÄ… .
To wspÃ³lny mianownik dla lewych populistÃ³w. 
Nie zasÅ‚ugujecie , by rzÄ…dziÄ‡ jakimkolwiek krajem.",negative
A jak tam z puczem? Znowu nie wyszÅ‚o?,negative
"Oj Borys, Borys! Jak gadaÅ‚eÅ› gÅ‚upoty, tak gadasz dalej. Ludzie nie sÄ… tak gÅ‚upi jak ci siÄ™ wydaje. Szanuj swoich wyborcÃ³w.",negative
Borys baÅ‚wanie a ty z watachÄ… nie blokowaleÅ› sejmu,negative
Buhahaha hahaha!,negative
W Polsce bandyci za okupowanie sali Sejmu RP nie zostali ukarani,negative
"WspÃ³lnym mianownikiem dla ""lewych"" populistÃ³w jest cenzura i zamykanie ust tym, ktÃ³rzy maja inne zdanie niÅ¼ wy...taka to lewacka/komunistyczna wolnoÅ›Ä‡ sÅ‚owa.",negative
"Pucz w sejmie,kto organizowaÅ‚ pajacu z szajki PO.",negative
"SkÄ…d u was taka krytyka. PrzecieÅ¼ w 2015 po wyborach PISu,  ( i do dziÅ›) sami robiliÅ›cie to samo, bo nie pogodziliÅ›cie siÄ™ do dziÅ›, z przegranÄ…. Nie uznajecie demokratycznych wyborÃ³w w Polsce. Wandalizm na ulicach, pucz w sejmie, sianie nienawiÅ›ci do dziÅ›! JuÅ¼ zapomnieliscie?",negative
Od kilku lat wÅ‚aÅ›nie to uprawiacie.,negative
"Tyranozaurrr, uwaÅ¼aj Å¼eby ci skrzydeÅ‚ka nie odpadÅ‚o jak bÄ™dziesz ty wypierdzielaÄ‡",negative
Poczekamy w tym roku.Kto bedzie potrafiÅ‚ stworzyÄ‡ rzad.I mam dziwne przeczucie ze nie bedzie to partia obecnie rzadzaca bo nie bede miec samodzielnej wiekszosci a nikt z nimi nie chce.,positive
"CoÅ› ci siÄ™ popierd***Å‚o, Budka.
To przecieÅ¼ wy, najgÅ‚upsza opozycja na Å›wiecie,od 7 lat podwaÅ¼acie demokratyczne wybory PolakÃ³w.",negative
ChÅ‚opie jak chcesz cokolwiek wygraÄ‡ to tak po ludzku ci powiem moÅ¼e zrozumiesz sklej wary.ğŸ˜®,negative
"Tow. Budka, wy to nawet chrzaniÄ‡ skladnie nie potraficie... wot i szto!",negative
XDD odstaw te TVP bo coÅ› siÄ™ ewidentnie odkleja xD,negative
CoÅ› ci siÄ™ w tej Å‚ysej pale nie POpie*doliÅ‚o?,negative
"Tak, to caÅ‚e oblicze PO!!!",negative
Dupka jak zwykle mistrz intelektu...,negative
Ja siÄ™ nie dziwiÄ™ Å¼e studenci po skÄ…Å„czeniu sÄ… takimi debilami jak majÄ… takich wykÅ‚adowcÃ³w...,negative
Na pewno siÄ™ do niej odniesie zaraz po urlopie.,neutral
"Ale to pana szef, Tusk nawoÅ‚uje do wyjÅ›cia na ulicÄ™.
Trzyma pana ostro po Sylwestrze.....",negative
Powiedz budka â€¦ jak to jest byÄ‡ podnÃ³Å¼kiem tego ryÅ¼ego gownojada?,negative
"Czy zasÅ‚uga, czy nie zasÅ‚uga to ty nie oceniaj. Wasza partja ma ludzi za NIC, chcecie wÅ‚adzy! Nie uda wam siÄ™, bo ludzie nie sÄ… Å›lepi ani gÅ‚usi. Sami siÄ™ pogrÄ…Å¼acie, taki polityk Å¼eby tak gÄ™bÄ™ wycieraÅ‚ o obelgi i szyderstwa, wstyd. Piar wsadÅº se do bu. y.",negative
"Jak to mawiaÅ‚ Miller do Ziobry podczas komisji ds. afery medialnej ?
JesteÅ› zerem...",negative
Wypisz wymaluj jak nasza OPozycja. Panie Budka jakiÅ¼ to trafny komentarz.,negative
Tituszko  bojownik o wolnoÅ›Ä‡ ğŸ˜‚,negative
Zobaczymy jak bÄ™dziesz wyÅ‚ na jeieÅ„ğŸ˜‚ğŸ¤£ğŸ˜‚,negative
"Budka Kutasie Merkelowsko - Putinowsko - Tuskowski?
Wiekrzych PO-polistow Klamcow Korupcyjnych i Zlodziejskich Scierw jak Wy towarzyszu Budka i wam PO-dobnych Czerwonych Scierw nie bylo i nie ma od czasow Targowicy i pozniejszych Bolszewikow z 1917 r i PO-II-giej wojnie swiatoej",negative
"Potepia pan brak szacunku do demokratycznych rozstrzygniÄ™Ä‡,  a jednoczeÅ›nie pisze: ""Oni nie zasÅ‚ugujÄ…, by rzÄ…dziÄ‡ jakimkolwiek krajem"". Te dwie postawy sÄ… sprzeczne. Chyba, Å¼e wg. Pana rozstrzygniÄ™cia sÄ… demokratyczne tylko wtedy, gdy wygrywajÄ… WASI kumple.",negative
"Takie teksty to lemingozie wciskaj. Kapitol, to robota FBI, co za chwilÄ™ wyjdzie na jaw po odtajnieniu przesÅ‚uchaÅ„. Brazylia, ten sam waÅ‚ globalistÃ³w, ale tam tak Å‚atwo nie pÃ³jdzie bandytom. ReasumujÄ…c, jesteÅ› po tych samych pieniÄ…dzach z Bidenem, DudÄ… i resztÄ….",negative
"A to bydÅ‚o w Sejmie w "" pasztetowÄ…"" wigiliÄ™ pamiÄ™tasz BorysÅ‚aw ?",negative
Ale ze Chleb jest po 30 zÅ‚ wÄ™gla nie ma? Tak prorokiwali twoi idole. O innych chybionych proroctwach nie wspomnÄ™.,negative
"Atak na Kapitol, zamieszki w Brazylii, Ciamajdan w Polsce. I Budka ma czelnoÅ›Ä‡ pisaÄ‡ coÅ› o demokracji. Hipokryta.",negative
"Jak to leciaÅ‚o? ""Znowu z puczem mi nie wyszÅ‚o...""",negative
Jaka Å¼yÅ‚a?,neutral
NapisaÅ‚ debil ktÃ³ry braÅ‚ wspÃ³Å‚udziaÅ‚ w nieudanym puczu po wyborach w naszym kraju. #Jedziemy,negative
Panie Borysie  czy byÅ‚ Pan na Puczu kilka lat temu???,negative
Ale wy jesteÅ›cie obÅ‚udni i tymi wpisami utwierdza mnie Pan w tym Å¼eby na was nie gÅ‚osowaÄ‡....,negative
To OdÅ‚am od POpojebÃ³w !! Ale tacy sami ! ğŸ˜,negative
To PO nie uznaje demokratycznych rozstrzygniÄ™Ä‡,negative
Dla Pani Lemapart i kod. To jest ich wspÃ³lny mianownik. Wy teÅ¼ nie zasÅ‚ugujecie na rzÄ…dzenie. JuÅ¼ raz byliÅ›cie u koryta pachoÅ‚ki niemieckie,negative
To jak ciamajdan PO,negative
"No i uczciwie przyznaÅ‚, Å¼e jego partia nie zasÅ‚uguje, Å¼eby rzÄ…dziÄ‡ jakimkolwiek krajem. Ja bym poszedÅ‚ dalej i wÅ‚Ä…czyÅ‚ w to takÅ¼e miasta.",negative
Piep.y hipokryta!!! Nie masz pojÄ™cia o demokracj!,negative
"Budka, a wasz zamaszek stanu skoordynowany z tvnienawiÅ›Ä‡ i niektÃ³rymi dziadami w jed.nadwiÅ›laÅ„skich,?",negative
pieknie Pan opisuje dziaÅ‚ania platformy od 2015r xD,negative
Ty hypocrycie do lustra sie popatrz a potem baw sie w wojowaka na Twitter.,negative
"WziÄ™li przykÅ‚ad z ""puczu"" zorganizowanego przez volksplatform w 2015/16 roku.

Masz informacjÄ™ czy pasztet wigilijny i "" i nie pucz kiedy odjadÄ™"" w wykonaniu muchy, byly serwowane rÃ³wnieÅ¼ BorysÅ‚awie Rok I Trzy?",negative
PrzecieÅ¼ PiS i PO to ten sam antypolski szczep XD,negative
Ciamajdam w sejmie teÅ¼ do tego siÄ™ zalicza,negative
Dziadek BorysÅ‚awa- tow.Wieslaw teÅ¼ byÅ‚ oskarÅ¼any o prawicowe odchylenia. Budka bÅ‚adzisz.,negative
A kiedy coÅ› o programie wyborczym? :),negative
"PO wygraÅ‚aby nawet te wybory, ale warunkiem koniecznym jest milczenie",negative
Idealnie opisaÅ‚ pan wÅ‚asne zachowanie w 2016 roku.,negative
Mowa nienawiÅ›ci to wasza broszka,negative
"Boria, a ty z choinki siÄ™ urwaÅ‚eÅ› ? ğŸ˜‚",negative
"Okupowanie Sejmu ,zloty KOD-u,nawoÅ‚ywanie do wyprowadzania siÅ‚Ä…,ztrzÄ…sanie â€pisowskiej szaraÅ„czyâ€itd. - brzmi znajomo panie pupka?",negative
To podobnie jak wy. Czyli hoÅ‚ota obywatelska.,negative
"Menele z KOD Å‚awnikami ? Åawki w sÄ…dzie , to ONI mogÄ… myÄ‡ !",negative
"Tej Borys, a kojarzysz takÄ… nutÄ™ - ""znowuuu z puczeeem mi nie wyszÅ‚oooo"" - kto to Å›piewaÅ‚?",negative
ZapomniaÅ‚ Pan o waszym puczu o zmartwychwstaniu Diduszki,negative
Tylko wy komuchy i Lewactwo zasÅ‚ugujecie na to oszusty i zÅ‚odzieje ktorzy Unia kierujÄ…  Euro w reklamowkach wynoszÄ… psia waÅ¼Ä… mac Totalne przyglupy,negative
W Polsce to chyba posÅ‚owie Platformy i Nowoczesnej okupowali Sejm w czasie BoÅ¼ego Narodzenia 2016 roku,negative
Debil,negative
Å»aden cyrk by siÄ™ nie powstydziÅ‚.,negative
Borys...bÄ™dziesz rzÄ…dziÅ‚ w nastÄ™pnej kadencjiğŸ‘ğŸ’ªğŸ‘ ale papierem toaletowym w sejmowym kiblu!,negative
"Dobrze, Å¼e macie Å¼elazne miotÅ‚y. Zawsze moÅ¼na rozdaÄ‡ je na ulicy kiedy bÄ™dziecie siÄ™ liczyli.",negative
ToÅ› w temacie ğŸ«£ğŸ˜†,negative
A zapomniaÅ‚eÅ› co wyprawialiÅ›cie w sejmie.,negative
Przyszli silni ludzie furiata don Tfu'ska i chcieli POdymiÄ‡ nieprawdaÅ¼ panie Pupka ?,negative
"WidzÄ™ Å¼e w tym przypadku pamiÄ™Ä‡ wybitnie ulotna, a to w sumie tak niedawno. MoÅ¼e jakaÅ› czapeczkÄ™ na gÅ‚Ã³wkÄ™,  to chociaÅ¼ trochÄ™ zapobiegnie zanikowi pamiÄ™ci.",negative
"ZapomniaÅ‚eÅ› jak w sejmie burdel robiliÅ›cie . Co byÅ‚o w sejmie budka. Okupacja sejmu, okupacja mÃ³wnicy sejmowej,  wigilia na PO dÅ‚odze w gmachu sejmu. Co budka pieniaczu tak byÅ‚o. Widzisz jakie to szkodliwe. Miernota polityczna.",negative
Nieuznawanie demokratycznych rozstrzygniÄ™Ä‡,negative
"Zgadza siÄ™! PolskÄ™, niestety czeka ten sam scenariusz i tego siÄ™ bojÄ™! Nie mam juÅ¼ siÅ‚y, jeszcze raz przez to przechodziÄ‡! JuÅ¼ raz, 40 lat temu przeÅ¼yÅ‚am ten koszmar!",positive
"PiÄ™kne czasy - pamiÄ™tam nagranie z przepychajÄ…cym siÄ™ Panem Ryszardem Petru, ktÃ³ry koniecznie chciaÅ‚ byÄ‡ jak najbliÅ¼ej mÃ³wnicy sejmowej :D",neutral
Jaki szacunek do instytucji publicznych i politykow maja miec ludzie? Politycy nie szanuja kraju i obywateli! Jestescie sprzedajnymi lajdakami! Ludzie maja dosc i maja prawo to wyrazic! No chyba ze jedne protesty sa ok a inne nie!? To samo w Kanadzie bylo!Hipokryzja!,negative
CaÅ‚a Platforma nic do zaoferowania.,negative
Od kiedy PIS to prawica ?..sÄ… tak samo lewicowi jak Wy...wojna wewnÄ…trz mafii.,negative
Znowu z puczem mi nie wyszÅ‚o.ğŸ¶,negative
MyÅ›lenie piclamu .wygraÄ‡ wybory i caÅ‚y piclam  za kraty,positive
To jak tam z piÅ‚owaniem katoli i wyprowadzeniem siÅ‚a byÅ‚o? Kto to mÃ³wiÅ‚? Kto podburza? SÅ‚ucham...,negative
Pewnie nie ten kolor papieru toaletowego byÅ‚ w hotelu poselskimğŸ¤£ğŸ¤£,negative
Siema #troll.u - znowu stawiasz kÅ‚ocki i trolujesz?ğŸ’©ğŸ’©ğŸ’©,negative
"Budka gdzieÅ› ty byÅ‚ jak Twoja koleÅ¼anka Å›piewaÅ‚a w okupawanym przez opozycjÄ™ sejmie ""nie pÅ‚acz kiedy odjadÄ™ """,negative
JakieÅ› raporty?,neutral
"Oni zachowujÄ… siÄ™ dokÅ‚adnie tak jak wy od 2015 roku- nie dociera do was, ze przegraliscie w demokratycznych wyborach i do dziÅ› nie szanujecie naszej-PolakÃ³w- woli. Tak, nie zasÅ‚ugujecie na to, zeby rzÄ…dziÄ‡.",negative
jebac budke,negative
"WÅ‚aÅ›nie potwierdza Pan, Å¼e demokracja to syf.",negative
"Wy macie w CV ,,Ciamajdan,, #PatoOpozycja",negative
Åadne sobie zdjÄ™cie zrobiÅ‚eÅ› cepie ğŸ˜‚,negative
Dalej nie rozumiesz co siÄ™ do ciebie pisze ğŸ˜,negative
A wywiadu udzielaÅ‚eÅ› jak zawsze w klatkach i badejkach?,negative
Co to? Samokrytyka PO? W koÅ„cu dojrzeliscie?,negative
a sami syf a sejmie robili ... POpapraÅ„cy,negative
PrzecieÅ¼ to Pana szef nawoÅ‚uje do organizowania siÄ™ na tzw ulicy po przegranych wyborach . Pan  i koledzy partyjni maja usta peÅ‚ne frazesÃ³w gorzej z praktyka .,negative
A wy to Jaselka w Sejmie zrobiliscie?,negative
"PrzekrÄ™ty, nieliczenie siÄ™ z glosem spoleczenstwa, mafia VATowska, Ambert Gold, wÅ‚aÅ¼enie w d... Ä™ niemcom i ruskim, lepszy VAT niÅ¼ narkotyki, praca do ÅšMIERCI, kradzieÅ¼ kasy z OFE - obraz Polski za rzÄ…dÃ³w (a wÅ‚aÅ›ciwie nierzÄ…dÃ³w) PO i PSL.",negative
ZupeÅ‚nie jak wtedy gdy PO z tvn przeprowadziÅ‚o ciamajdan w parlamencie.,negative
"BorysÅ‚aw,a ciamajdan,kod,groÅ¼by Tuska itd?To wasza robota ,opozycja pod hasÅ‚em Pedofilia ObywatelskÄ….KUMASZ?",negative
Opozycja idioci. RzÄ…d mega banda debili i zÅ‚odziei i tak sobie Å¼yjemy w tym paÅ„stwie z gÃ³wna i kartonu. Tylko tÄ™py elektorat PiSu siÄ™ cieszy Å¼e obajtek ruchaÅ‚ nas aÅ¼ miÅ‚o. Ehh. Pobudka Ä‡woki,positive
ZapomniaÅ‚ wÃ³Å‚ jak cielÄ™ciem byÅ‚. Borysku spodnie zaÅ‚Ã³Å¼ bo ci cipka wystaje.,negative
On i Bury-duet wszechczasÃ³w.,negative
Takiego sqrwienia Å›wiat nie widziaÅ‚. PrzecieÅ¼ to wy od 2015r siÅ‚Ä… (ulica/zagranica) za pomocÄ… kryminalistÃ³w z KOD chcecie obaliÄ‡ rzÄ…d  Masz nas Obywateli Polski za idiotÃ³w?,negative
Teraz PiS kradnie na potÄ™gÄ™,positive
Na glowe Pan updal?,negative
A co stosuje pisowska szajka,positive
"Jaki tam z pana i  z paÅ„skich kolegÃ³w prawy populista. ğŸ˜ƒ
Lewaki i tyle. AtakujÄ…cy demokratycznie wybrany polski rzÄ…d.",negative
Jak kobiety wyszÅ‚y na ulicÄ™ to chciaÅ‚ je pacyfikowaÄ‡. A elektorat PiSu albo ledwie Å‚azi albo patusy najebane akurat sÄ…,positive
"AleÅ¼ trzeba byÄ‡ cynicznym i wyrachowanym czÅ‚owiekiem, Å¼eby coÅ› takiego napisaÄ‡. To wy kwestionujecie legalnoÅ›Ä‡ wyborÃ³w w Polsce, nazywacie siebie opozycjÄ… demokratycznÄ…... Masakra.",negative
"Jak Pana nie lubiÄ™ i uwazam zÄ™ ciagnie Pan KO na dno, to akurat ma Pan tutaj racjÄ™.",positive
"Czyli dokÅ‚adnie to co wy i wasi zwolennicy robicie. Nie uznajecie demokratycznych wyborÃ³w i chcecie siÅ‚Ä… obaliÄ‡ legalnie wybranÄ… wÅ‚adzÄ™. Tylko, Å¼e wy czynicie jeszcze wiÄ™ksze zÅ‚o, bo wciÄ…gacie w to Niemcy i RosjÄ™. Chcecie kolejnego rozbioru Polski?",negative
Hipokryzja siÄ™ z Pana wylewa.,negative
"to wygraj wybory, populistyczny gnojk/u",negative
Å»ona Adamowicza teÅ¼ pracowaÅ‚a na L-4 i nie stawiaÅ‚a siÄ™ w prokuraturze.Kasta to lubi.,negative
"Borys, po raz kolejny wystawiasz siÄ™ na Å›miesznoÅ›Ä‡",negative
"Å»yjÄ… dziÄ™ki zdradzie WaÅ‚Ä™sy,nocy komunistycznych teczek 1992,zamachu w SmoleÅ„sku i ukrywaniu Tuska przez Merkel.",neutral
"WiÄ™kszego koÅ‚tuna i populisty od cienie,rudego tuskotrola i caÅ‚ego waszego Å›rodowiska trudno szukaÄ‡, antypolski, kÅ‚amliwy chamie, spakowaÄ‡ was do duÅ¼ej reklamÃ³wki z Biedronki i wysÅ‚aÄ‡ Putinowi jako miÄ™so armatnie,tam napewno siÄ™ chamy nadacie, berliÅ„skie i moskiewskie trole",negative
"ZwÅ‚aszcza czÅ‚owiek-bizon byÅ‚ bardzo ""prawy"", BAWOLE!!!
PS. Lepszy prawy populista, ktÃ³ry choÄ‡ w poÅ‚owie dotrzyma sÅ‚owa, niÅ¼ lewacki demagog, ktÃ³rego sÅ‚owo jest mniej warte, niÅ¼ papier toaletowy.
PS. orzekanie z gÃ³ry, Å¼e ktoÅ› jest niegodny rzÄ…dzenia, jest takie jakby nazistowskie?",negative
Ty gÅ‚Ä…bie nie pamiÄ™tasz co prÃ³bowaliÅ›cie zrobiÄ‡ w Polsce?,negative
PopierdoliÅ‚o Ci siÄ™ w tym Å‚ysy Åebie o czym ty prawisz a z resztÄ… przecieÅ¼ nawet nie jesteÅ› tym co koÅ„ pod brzuchem nosi Zero,negative
"O kurczÄ™, nie sÄ…dziÅ‚em, Å¼e identyfikuje siÄ™ Pan jako ""prawy"" populista. OdwaÅ¼ny coming out, szanujÄ™!",negative
"Tyranozaurrrrr ?
...
WidaÄ‡ parametrami prÃ³bujesz dorÃ³wnaÄ‡, temu ulicznemu monstrum Lempart'owej..
oraz plugawym sÅ‚ownictwem...!, 
rodem z tego twojego lewackiego chlewu...!
UporzÄ…dkowanie tej ""Stajni Augiasza"",
 wymaga wielkiego wysiÅ‚ku prawicy...",negative
AleÅ¼ wy lubicie samozaoranie. GÅ‚Ä…b przy gÅ‚Ä…bie w tej oPOzycji.,negative
Wy to najlepiej wiecie.PUCZ JUZ MACIE ZA SOBA W ROLI GLOWNEJ MUCHA.,negative
"DziÄ™ki nim,Unia rozleci siÄ™ jak ZSRR.",neutral
Taaak...nieuznawanie demokratycznych rozstrzygniÄ™Ä‡ ....,negative
Cos jak ciamajdan? Boryslawie iliczu?,negative
Borys znowu siÄ™ pchasz do koryta!,negative
"P Budka co Pan wygaduje .Tam Brazylia jak moÅ¼na przyrÃ³wnywaÄ‡ do prawicy  w Polsce.I gadaÄ‡ bzdury Å¼e prawica nie moÅ¼e rzÄ…dziÄ‡ .To odwrotnie lewaki nie mogÄ… rzÄ…dziÄ‡ szanowny Panie,tak zdecydowali wyborcy.A Brazylia niech sama rozwiÄ…zuje swoje problemy .",negative
Ty gnojku. A kto nawoÅ‚uje do eyjscia na ulicÄ™? PJK czy szczur Tusk. Muarkuj sÅ‚owa bo mogÄ… one idbic ci siÄ™ czkawkÄ….,negative
No i ponad tysiÄ…c negatywnych komentarzy w godzinkÄ™ ? Brawo BorysÅ‚aw!,negative
Ruski szablon,positive
Boris... zes teraz odjebal ğŸ˜ğŸ¤¡,negative
SÅ‚uszna uwaga.,positive
"Pucz,nareszcie byÅ‚ pucz,tfu.",negative
O popuczu siÄ™ zapomniaÅ‚o a kogoÅ› chcesz oceniaÄ‡ Ä‡woku,negative
"Masz racjÄ™
Budka jest jednym z najbardziej obrzydliwie bezczelnych ğŸ¤®",negative
GomuÅ‚ce siÄ™ juÅ¼ wszystko w tym ptasim mÃ³Å¼dÅ¼ku popier...o.,negative
ğŸ‘ğŸ‘ğŸ©,positive
"KomuniÅ›ci bojÄ… siÄ™ prawych.Nareszcie,brawo.",negative
"Tzw Ciamajdan ? no toÅ¼ to byÅ‚ skandal, dobrze, Å¼e nikt nie uÅ¼yÅ‚ broni ani nawet paÅ‚ek , choÄ‡ sie naleÅ¼aÅ‚y.",negative
Kasa z Kremla i Watykanu.,positive
Ale Å¼eÅ› dojeboÅ‚ teraz! Ty siÄ™ zdecyduj bo raz tak mÃ³wisz raz inaczej.,negative
"Klapa od sracza, znowu kÅ‚apnÄ™Å‚a ozorem - zapewne coÅ› ciebie osraÅ‚o!?",negative
"Budka, to krytyka Tuska? UwaÅ¼aj bo wyÅ›le po ciebie paru silnych ludzi ...",negative
Buraku zaPOmniaÅ‚eÅ› knucie POsrany o Polsce KOD ciamajdan i innych Obywatelach CHUJ !!!!pasoÅ¼ycie POd kiecami teÅ›ciowej tfuSSkağŸ¤®ğŸ’©ğŸ¤®ğŸ’©ğŸ¤®ğŸ’©ğŸ¤®ğŸ’©ğŸ¤®ğŸ’©ğŸ¤®ğŸ’©,negative
I dlatego nie uznajesz Å¼adnej instytucji? To ty z prawicy jesteÅ›?ğŸ¤£ğŸ¤£ğŸ¤£ğŸ¤£ğŸ¤£ğŸ¤£ğŸ¤£ğŸ¤£ğŸ¤£ğŸ¤£ğŸ¤£,negative
"Ty nie patrz tyle w lustro, za duÅ¼o Ä‡pasz!",negative
A kto zdeptal TK i demokracjÄ™ w Polsce w 2016r odpadzie metaboliczny?,negative
PamiÄ™tasz pasztetowy ciamajdan?,negative
"Blokowanie mÃ³wnicy sejmowej i obrad na sali plenarnej, nieuznawanie sÄ™dziÃ³w mianowanych przez innÄ… opcjÄ™, donoszenie na wÅ‚asny kraj, kalanie gniazda....
Macie swÃ³j udziaÅ‚ w burzeniu demokracji.",negative
DureÅ„ğŸ‘†,negative
"A zammieszki we Francji,Belgii, Holandi jakoÅ› pan skometuje? Czy jest zakaz z Brukseli aby o tym mÃ³wiÄ‡?",negative
"Bardzo mi to przypomina wÅ›ciekÅ‚Ä… prostackÄ… dzicz z KOD, Iustitii i innych animowanych przez POKO band frustratÃ³w, rÃ³wnieÅ¼ nie potrafiÄ… zaakceptowaÄ‡ wynikÃ³w wyborÃ³w.",negative
ğŸ‘ğŸ¤£ğŸ¤£ğŸ‘ğŸ‘,negative
"Budka byÅ‚eÅ› pieniaczem, teraz idziesz na lidera debili w opozycji.",negative
"Brak szacunku dla instytucji publicznych, nieuznawanie demokratycznych rozstrzygniÄ™Ä‡ - czyli caÅ‚a opozycja. Protesty przed sejmem, prÃ³ba puczu, kodziarstwo to sÄ… ci ""prawi"" populiÅ›ci ? ZastanÃ³w siÄ™ czÅ‚owieku jak coÅ› piszesz. Pana wÅ‚asne sÅ‚owa pana pogrÄ…Å¼ajÄ….",negative
I Pan uwaÅ¼asz siÄ™ za godniejszego sprawowania wÅ‚adzy od kogoÅ› innego tak? Hipokryzja na caÅ‚ego i tyle.,negative
Ty Å‚ysy baranie czerwony przecieÅ¼ wy to caÅ‚y czas robicie.,negative
"Ty leniwy lewaku , caÅ‚kiem schamiaÅ‚eÅ›.",negative
"Panie Budka, a jaki szacunek do demokratycznych rozstrzygniÄ™Ä‡ okazaÅ‚ Pan i paÅ„scy koledzy partyjni kiedy to blokowaliÅ›cie sejm i nawoÅ‚ywaliscie do puczu",negative
GoniÄ‡ lewactwo z POwierzchni Ziemi!!!,negative
Jak musi im waliÄ‡ z gara.,positive
"Budka zasÅ‚uguje  Å¼eby rzÄ…dziÄ‡ krajem, zostawili nam kupe  kamieni I ch,......Sienkiewicza  3tys.Å¼ebrzacych PolakÃ³w na dworcach w Belgi,na zeszyt na wsiach ludzie brali Å¼ywnoÅ›Ä‡",negative
Å»eby byÅ‚o Å›licznie i demokratycznie. Grzebania w cudzej wÅ‚asnoÅ›ci nie byÅ‚o koÅ„ca.,neutral
"Ty nie masz pojecia o czym mowisz lewicowy populistoğŸ‡§ğŸ‡·nie akceptuje  technokratycznego zamachu stanu i sfaÅ‚szowanych wyborÃ³w Komunisty Luli. MieszkaÅ„cy Brazylii wiedzÄ…, Å¼e ich ostatnie wybory zostaÅ‚y sfaÅ‚szowane rozpoczyna  siÄ™ wojna domowa.",negative
"Jacy wy musicie byÄ‡ tÄ™pi niewiedzÄ…c, Å¼e w demokratycznych wyborach, ktÃ³re odbÄ™dÄ… siÄ™ na jesieÅ„ - nie macie szans - proponujemy wyjechaÄ‡ do swoich sponsorÃ³w z Berlina i Moskwy.",negative
"ZapomniaÅ‚ pan jak podczas ""puczu"" w Sejmie poseÅ‚  Nitrogliceryna  grzebaÅ‚ i ""szabrowaÅ‚"" w cudzej wÅ‚asnoÅ›ci? Teraz z ciebie demokrata z ZUS???",negative
Ale tÄ™pa propaganda. Jak za GomuÅ‚ki.,negative
"GÅ‚upszej opozycji bluÅºniÄ…cej faktom i rozumowi nie byÅ‚o od chrztu Polski. #Pis moÅ¼e coÅ› robiÄ‡ albo nic nie robiÄ‡, a i tak wygra wybory, bo alternatywy nie ma, w czym pan jeszcze nigdy nie pomÃ³gÅ‚. Po co siÄ™ zawsze odzywaÄ‡ i nabijaÄ‡ rzÄ…dowi punkty za darmoğŸ¤” #Mistyka #MrokiTajemnic",negative
to samo robiliÅ›cie po 2015r,negative
Genialne!,positive
Spierdalaj esbecki lizidupie,negative
Kretyn,negative
"Oni wam ustÄ™pujÄ…, nie utworzyli KOD,, Wielu ruchawek ulicznych i prÃ³by przewrotu .",negative
ğŸ¤£,negative
A kto ma rzÄ…dziÄ‡ â€¦. niemiec ? . Lub pedaÅ‚y i inne stworzenia â€¦ ludzie gÅ‚upi bez toÅ¼samoÅ›ci +,negative
Borys a zapomniaÅ‚eÅ› jak byÅ‚o z obaleniem Janukowycza w 2014? Wtedy byÅ‚o obalenie demokratyczne?,negative
"Atak ogÃ³rkiem na TVP, to wspÃ³lny mianownik dla lewactwa i Å‚ysych",negative
a co wy buraku robiliÅ›cie po wygraniu wyborÃ³w przez PiS?,negative
"Masz racjÄ™ Budka,ty i twoji kolesie zasÅ‚ugujÄ… jedynie na kopa w zad.",negative
Najpierw trzeba wygraÄ‡ wybory i to zdecydowanie. A hoÅ‚ota zawsze bÄ™dzie hoÅ‚otÄ…â€¦,positive
Barys a Å¼ona uznaÅ‚a juÅ¼ rozliczenie z ZUS? ğŸ˜‚,negative
"PrzemÃ³wiÅ‚ czÅ‚owiek Å¼arÃ³wka, ğŸ¤£",negative
"JeÅ¼eli powiedziaÅ‚eÅ› to patrzÄ…c w lustro to super, brawo w koÅ„cu siÄ™ przyznaÅ‚eÅ›ğŸ‘",negative
No i przypomniaÅ‚ mi siÄ™ wigilijny pasztet ;-),negative
I pomyÅ›leÄ‡ Å¼e kiedyÅ› Platforma mieniÅ‚a siÄ™ prawicÄ…,negative
Budka ty zawsze po stronie lewactwa ğŸ˜„ taki lewaczek jesteÅ›,negative
Wy tam won od prawo myÅ›lÄ…cych a zajmijcie pedofilÄ… w platfusowni oraz naszego czÅ‚owieka w Warszawie ğŸ˜‚ğŸ˜‚ğŸ˜‚,negative
"DokÅ‚adnieğŸ¤£. Strach przed kolejnÄ… poraÅ¼kÄ… ğŸ˜ okroiÄ‡, Å¼elazna miotÅ‚a, wyzwiska,zakneblowaÄ‡ usta dziennikarzom itd.",negative
"Ty QRWO LEWACKA ,jak okreÅ›lisz ciamajdan po przegranych wyborach",negative
"Nie musi, klepie za pomocÄ… reÅ¼imowej tv ludziom gÅ‚upoty, Å‚atwiej siÄ™ steruje gÅ‚upimi ludÅºmi ;)",positive
"A ten wasz Å›mieszny ciamajdan pamiÄ™tasz, pajacu ?",negative
"Budka, to tak, jak wy.... szczujecie i nawoÅ‚ujecie do siÅ‚owego przejÄ™cia wÅ‚adzy! To wasz Tusek, dostaje FURII, wÅ›ciekÅ‚y krzyczy i grozi...""trzeba mieÄ‡ determinacjÄ™, miÄ™Å›nie i gotowoÅ›Ä‡ do powaÅ¼nego starcia"". Straszy, Å¼e bÄ™dzie wyprowadzaÅ‚ siÅ‚Ä… i...""wymiataÅ‚ Å¼elaznymi grabiami"".",negative
"WÅ‚aÅ›nie potwierdziÅ‚eÅ›, Å¼e nie zasÅ‚ugujecie na rzÄ…dzenie. U was sami POpapraÅ„cy.",negative
"PamiÄ™tacie tych zwyrodnialcÃ³w atakujÄ…cych sejm w grudniu 2016 roku. To bydÅ‚o peÅ‚ne nienawiÅ›ci, agresywne do granic, atakujÄ…ce demokratyczne struktury paÅ„stwa i policjÄ™? PamiÄ™tacie KolÄ™dÄ™ ZalewskÄ…, ktÃ³ra pytaÅ‚a retorycznie co siÄ™ stanie jak tÅ‚um nie wytrzyma? Liberofaszyzm!",negative
To tak jak PO atakowali Polski Parlament i Polskie Ulice rzadajac przewrotu. Teraz lysy szuka auterytetu!,negative
ZapomniaÅ‚ pan o sÅ‚ynnym na caÅ‚y Å›wiat Ciamajdanie?,negative
"A wy nigdy nie prÃ³bowaliÅ›cie podobnych metod ? Operacja ""Prawie zbity na Å›mierÄ‡"" i pÃ³Åºniej podczas zamieszania w zwiazku z aborcja.",negative
"""nieuznawanie demokratycznych rozstrzygniÄ™Ä‡"" to specjalnoÅ›Ä‡  PO od 2015 rokuğŸ™‚. Hipokryta zÅ‚apany na krÄ™tackim oburzeniu.",negative
Budka i PO   teÅ¼ nie  powinni Å¼Ä…dziÄ‡. To jest chora partia ktÃ³ra siÄ™ sprzedaje wszystkim,negative
".... nie zapominaj , wasze pomioty , bydÅ‚o skoÅ„czone , zwane kodowcami , to samo robili !!!! ..... wiÄ™c nasraÅ‚eÅ› w wÅ‚asne gniazdo !!     ğŸ˜‚ğŸ˜‚ğŸ˜‚ğŸ˜‚ğŸ˜‚ğŸ˜‚ğŸ˜‚",negative
Oskar wypierdalaj,negative
SzanujÄ™ tÄ… wypowiedÅº za szczeroÅ›Ä‡. MaÅ‚o kto potrafi byÄ‡ tak samokrytyczny.,negative
To wypierdzielaj z rudym do kolegÃ³w na wschÃ³d,negative
Eeee teeee pupka a ciamajdan itp. okupacje instytucji publicznych juÅ¼ zapomniaÅ‚. ÅÄ…cznie z blokowaniem drogi przez wÅ›ciekÅ‚e macice. hipokryto lewy,negative
"Ruska buda, spalona budka, walniÄ™ty budka ..",negative
Czyli Ciamajdan. Pewnie chcÄ… tego nie pamiÄ™taÄ‡.,negative
"Ty Å‚ysy ch_uju!   Lewactwo do ktÃ³rego naleÅ¼ysz, odpowiedzialne jest za setki milionÃ³w wymordowanych w najokrutniejszy sposÃ³b ludzi!  Tak jak na przykÅ‚ad czerwoni khmerzy, ktÃ³rych rocznica obalenia niedawno przypadaÅ‚a!  Zamknij wiÄ™c ryja czerwony wiep_rzu!!",negative
"A wyscie zrobili Ciamajdan okupujac sejm przez Swieta Bozego Narodzenia w 2016r. Dla komuchow to tylko ""demokracja"" wyjeta z polnocnej korei jest ta wlasciwa.",negative
"MyÅ›lÄ™,  Å¼e kaÅ¼dy szanuje TK, ale nie GarkuchniÄ™ PrzyÅ‚Ä™bskiej. RzÄ…du nie ma obowiÄ…zku szanwaÄ‡, bo niby dlaczego?",positive
"Samokrytyka, podobno, uszlachetnia, ale wam juÅ¼ nic nie pomoÅ¼e ğŸ™ˆ",negative
"Åysy zmieniÅ‚byÅ› choÄ‡ jedno sÅ‚owo w tym przekazie dnia ,a nie takie ""kopiuj-wklej ""!",negative
"SzP. szkoda, Å¼e zadymy czyniÄ… zakompleksieni/ uÅ‚omni...przyzwyczajeni do/z czasÃ³w KOMU NIC?",negative
MoÅ¼na siÄ™ porzygac,negative
"GomuÅ‚ka, a pamiÄ™tasz ciamajdan?",negative
a ciamajdan pamiÄ™tacie ?,negative
Nie zesraj siÄ™ ğŸ˜‚,negative
Akurat ten opis pasuje idealnie do was.,negative
To wspÃ³lny mianownik dla pana i paÅ„skich kolegÃ³wâ€¦,negative
"Panie Budka, lichorodzie - amnezji doznaÅ‚eÅ›..? A moÅ¼e mÃ³zg panu aborcjonowano..?
PrzywrÃ³ciÄ‡ pamiÄ™Ä‡ - jakich kretynÃ³w w Sejmie z siebie robiliÅ›cie..?",negative
nie wolno tak porÃ³wnywaÄ‡ ... ğŸ¤£ğŸ¤£ğŸ¤£,neutral
"ale wy jesteÅ›cie obÅ‚udnymi hipokrytami, Å›pieszno do koryta co? zapomnij, te wybory teÅ¼ przegracie, dzbany...",negative
Co ty pierdolisz budka? Ty i tobie podobni nie uznajecie wynikÃ³w demokratycznych wyborÃ³w. JesteÅ›cie antydemokratyczni i Å¼aÅ‚oÅ›ni.,negative
Budka udaje debila ze skleroza czy w swojej nienawiÅ›ci miesza fakty zaraz stwierdzi Å¼e to prawica okupowaÅ‚a sejm,negative
"Nie, wwozili do parlamentu ludzi w bagaÅ¼niku i udawali na ulicy zmarÅ‚ych.",neutral
"porozmawiajmy o puczu z 2016, hiPOkryto ğŸ˜‚",negative
Co chcesz czlowieku od totalnej paly do lania zwanej budka jak wszystkie totalniackie mendy z po-Ko uznaja wybory za demokratyczne tylko wtedy gdy wygrywaja,negative
"""z obietnicami rozdawnictwa nierobom - bo to powinno siÄ™ skoÅ„czyÄ‡ raz na zawsze"" tu peÅ‚na zgoda",positive
"Borysku nie pamiÄ™tasz, jak miaÅ‚eÅ› nocne czuwanie w sejmie? BÅ‚azen jesteÅ› i hipokryta.",negative
Video haÅ„by,neutral
"Ja nie negujÄ™ Å¼e on istnieje. Ja negujÄ™ strategiÄ™ PO polegajÄ…ca na opluwaniu PIS zamiast rozmowy i przedstawieniu propozycji jak coÅ› zmieniÄ‡. JeÅ¼eli ktoÅ› nie jest ANTYPIS (nie myliÄ‡ z popieraniem PIS) to taka kampania odrzuca. MoÅ¼na pokazaÄ‡ to zrobili Åºle, my zrobimy tak.",negative
"Borys, nie zesraj siÄ™. Wiesz dobrze, Å¼e i was to moÅ¼e czekaÄ‡ prawda? Ludzie maja prawo okazywaÄ‡ swojÄ… niechÄ™Ä‡ dla parszywych oszustÃ³w, jakimi was widzimy ğŸ˜. OczywiÅ›cie lewacka antifa to ""kÃ³Å‚ko rÃ³Å¼aÅ„cowe"" tak? Oni mogÄ… demolowaÄ‡ EuropÄ™ tak?",negative
"NawiÄ…zuje pan do okupacji sejmu po przegranych wyborach?
Tak, z  chwilÄ… ogÅ‚oszenia siÄ™ opozycjÄ… totalnÄ…  i podjÄ™ciem dziaÅ‚aÅ„ destabilizujÄ…cych pracÄ™ rzÄ…du nawet kosztem szkodzenia Polsce bezpowrotnie utraciliÅ›cie wiarygodnoÅ›Ä‡ i jako tacy powinniÅ›cie zniknÄ…Ä‡ ze sceny politycznej",negative
"A teraz jak jest?!
Sama spadaj!!!",negative
GrudzieÅ„ 2016 coÅ› Panu mÃ³wi? ğŸ¤­ğŸ¤­,negative
"Czyli jednak odÅ¼egnujecie siÄ™ od prawicy? 
Nie oczekujÄ™ odpowiedzi ğŸ¤”",neutral
Lepiej byÄ‡ lewakiem dewiantemâ‰ï¸spierdalajâ€¼ï¸,negative
"To co robicie na tt wskazuje na epidemiÄ™ echolalii w waszych szeregach. ğŸ˜±
Warto by siÄ™ jednak skonsultowaÄ‡ medycznie ...ğŸ˜¬",negative
"Jeszcze tych dwÃ³ch prawicowych terrorystach w bagaÅ¼niku samochodu, ktÃ³rzy chcieli siÄ™ dostaÄ‡ do Sejmu zapomniaÅ‚ Pan wapomnieÄ‡.",negative
Åysy zapomniaÅ‚eÅ› co robiliÅ›cie siedem lat temu po przegranych wyborach? Teraz jak przegracie to znowu planujecie zamach stanu ?,negative
O nowe wytyczne i wszyscy nadajecie w tym samym tonie ğŸ¤¦â€â™‚ï¸jakie to nudne i przewidywalne â˜¹ï¸,negative
PamiÄ™tasz 2016r. i ciamajdan jaki urzÄ…dziliÅ›cie pod Sejmem i w wewnÄ…trz? Do dziÅ› podwaÅ¼acie prawo Zjednoczonej Prawicy do rzÄ…dzenia PolskÄ…. Totalnie nie uznajecie Å¼adnych decyzji demokratycznie wybranego RzÄ…du RP. ZamknÄ…Å‚ byÅ› siÄ™ w koÅ„cu hipokrytoâ€¼ï¸ğŸ¤¬ğŸ¤¢ğŸ¤®,negative
"I co, zajÄ™li paÅ‚ac prezydencki ?",neutral
ChcÄ… robiÄ‡ podobnie jak Åukaszenka na BiaÅ‚orusi!,positive
ty pajacu peÅ‚owski to jest dokÅ‚adnie to co wy robicie....,negative
Brak szacunku dla Polski i wyborcÃ³w.  Zamilcz i pracuj do Å›mierci wg. swoich zapowiedzi w oczyszczalni Å›ciekÃ³w  w Warszawie.,negative
Ty i twoja anty Polska opozycja nie zasÅ‚ugujesz na nic. TakÅ¼e majÄ…c odrobinÄ™ honoru opuÅ›Ä‡ sejm i odsuÅ„ siÄ™ od polityki bo wiÄ™cej szkody robisz niÅ¼ poÅ¼ytku.,negative
wÅ‚aÅ›nie siÄ™ zaoraÅ‚eÅ› . ğŸ˜‚ğŸ˜‚ğŸ˜‚ğŸ¤¦â€â™€ï¸ğŸ¤¦â€â™€ï¸ğŸ¤¦â€â™€ï¸ dzban wÄ™druje do BorysÅ‚awa ğŸ˜‚ğŸ˜‚ğŸ˜‚,negative
"To jednak nie odpowiada na moje pytanie, co siÄ™ stanie, jak te pisbolszewickie bydlaki nie oddadzÄ… wÅ‚adzy?
Co wtedy ?",positive
A wasi lewaccy rozbÃ³jnicy niszczÄ… pomniki i rozwieszajÄ… te paskudne kolorowe flagiğŸ˜‰,negative
"A patrz, senat z takich ludzi chce zrobiÄ‡ Å‚awnikÃ³w SN.",neutral
"Åysa paÅ‚a,zapomniaÅ‚eÅ› jak blokowaliÅ›cie Polski Parlament ?",negative
"Branie Å‚apÃ³wek, to wspÃ³lny mianownik lewicy i liberaÅ‚Ã³w ?",negative
DokÅ‚adnie MartuÅ›.,neutral
"Na szczÄ™Å›cie nie jesteÅ› lekarzem, tylko idiotÄ….",negative
Borys jak wjechaÅ‚ z samokrytykÄ… w Nowy Rokâ€¦,negative
A kto tam poddawaÅ‚ w wÄ…tpliwoÅ›Ä‡ demokracjÄ™ po wyborach na BiaÅ‚orusi?,negative
Nie dla p. Borysa,negative
"A na co ty zasÅ‚ugujesz , porucznik pogardy .",negative
"w PL bÄ™dzie to samo, jeÅ›li nie sfaÅ‚szujÄ… wyborÃ³w",positive
"ej gnido zakÅ‚amana, a kto wylazÅ‚ na ulicÄ™, kto tam kurwa do tej pory siedzi, pod przykrywkÄ… jakichÅ› KODÃ³w i Obywateli RP? no sÅ‚ucham kurwa?
kto mordÄ™ darÅ‚ Å¼e bÄ™dzie milion? gdzie te wasze tysiÄ…ce co miaÅ‚y na ulicy obaliÄ‡ PiS?

weÅºcie wy i zdechnijcie politycznie w koÅ„cu.",negative
"SzczekajÄ…cy Å‚ysy kundelek Donalda ,znÃ³w bredzi",negative
ty wez idz sie wykapac wez zimny prysznic albo cos chlopie Dupke umyj,negative
"Nie zakÅ‚amiesz rzeczywistoÅ›ci Å¼e to opozycja czyli PO-PSL-SLD i jej poczwary to sÄ… ci agresywni, podjudzajÄ…cy, szczujÄ…cy i wyprowadzajÄ…cy ludzi na ulicÄ™, macie zorganizowane bojÃ³wki i chuliganÃ³w, zrobiliÅ›cie z polityki szambo, to wy macie na sumieniu dwa zabÃ³jstwa polityczne !!",negative
Czym bliÅ¼ej do wyborÃ³w tym bÄ™dzie wiÄ™ksza sraczka ğŸ™ƒ widzÄ™ szmaty Å¼e nie majÄ… szans.,negative
Jak narazie to wam przeszkadza przewaga PiS w demokratycznych wyborach. Poza tym razem z PiS i pozostaÅ‚ymi partiami poza KonfederacjÄ… podpisywaliÅ›cie siÄ™ na wszystkich niekonstytucyjnych ograniczeniach od 2019 roku do lutego 2022,negative
Was na to staÄ‡ bo odkÄ…d ogÅ‚oszono wyniki wyborÃ³w tak jÄ…trzycie bo nie umiecie siÄ™ pogodziÄ‡ z przegranÄ….Nie daj panie abyÅ›cie kiedykolwiek doszli do wÅ‚adzy.,negative
"Kto to oni bo jesteÅ›cie dokÅ‚adnie tacy sami, tylko kÅ‚amiecie i manipulujecie z drugiej strony ğŸ˜…ğŸ¤£
Jaki macie program koleÅ¼ko po ewentualnym wygraniu wyborow?",negative
"MoÅ¼e lepiej porozmawiajmy o wspÃ³lnym mianowniku lewackiego i liberalnego chÅ‚amu.
KÅ‚amstwo, manipulacja nieprzerwany ciÄ…g oszustw, w tym wyborczych.",negative
"""Brak szacunku dla instytucji publicznych, nieuznawanie demokratycznych rozstrzygniÄ™Ä‡, strach  przed wyborczÄ… poraÅ¼kÄ…"" - Å›wietny opis PO, POKO czy jak was tam zwÄ…. Chwila szczeroÅ›ci BorysÅ‚awa G.",negative
Idioto brzydki jesteÅ› jak noc listopadowa ty Å‚ysa paÅ‚o,negative
Ciamajdan w Warszawie,negative
Buderson ty dzbanie zapomniaÅ‚eÅ› jak sami robiliÅ›cie zadymy lepiej juÅ¼ zamilknij Brukselski kundlu ğŸ¤¦â€â™‚ï¸ğŸ¤¦â€â™‚ï¸ğŸ¤¦â€â™‚ï¸,negative
"UwaÅ¼aj Budka z tym nawoÅ‚ywaniem do buntu wobec legalnie wybranej wÅ‚adzy w Polsce, Å¼eby to ciebie czasami nie wywieÅºli na taczkach!",negative
"Autorytet faktycznie do dupy ale jednak dobrze powiedziaÅ‚, tym razem mu siÄ™ udaÅ‚o.",neutral
Tylko.....podobnie jak Rosjanie....farmerka,neutral
"ZapomniaÅ‚eÅ› dodaÄ‡, atak na Sejm przez ciebie i twoich kumpli w 2015. Dalej o braku szacunku dla demokracji, z tym Å¼e przez lewactwo, wszystko siÄ™ zgadza.",negative
"Tak a Rewolucja Rosyjska , Francuska to teÅ¼ â€prawi populiÅ›ciâ€ ğŸ˜‚",negative
"PrzypomnÄ™ atak w BoÅ¼e Narodzenie burakÃ³w z PO, Nowoczesnej 
Totalne chamstwo i brak szacunku dla Sejmu Rzeczypospolitej",negative
ZapomniaÅ‚eÅ› wole co wyprawialiscie w 2016?,negative
"Gamoniu! ""Brak szacunku dla instytucji publicznych, nieuznawanie demokratycznych rozstrzygniÄ™Ä‡, strach  przed wyborczÄ… poraÅ¼kÄ… to wspÃ³lny mianownik  .... Oni nie zasÅ‚ugujÄ…, by rzÄ…dziÄ‡ jakimkolwiek krajem"". PrzecieÅ¼ to opis totalnej opozycji. Jak moÅ¼na byÄ‡ takim kretynem?",negative
Nie planujecie czasami czegoÅ› podobnego?,negative
Pany to przydaÅ‚by siÄ™ sÅ‚ownik ortograficzny.,neutral
"Ty bÄ™dziesz bubku Å¼oÅ‚Ä™dny rozstrzygaÅ‚ kto zasÅ‚ug na demokrat mandat a kto nie?

Wiadomo, Å¼e szykujecie siÄ™ do kolejnego ciamajdanu, ale tym razem paÅ„stwo prawa bÄ™dzie lepiej przygotowane na Wasze rozroby. Dobrze, Å¼e z UE dzisiaj teÅ¼ pÅ‚ynÄ… gÅ‚osy o koniecznoÅ›ci uzn wynikow wyborÃ³w.",negative
Nie masz jakis powaznych autorytetÃ³w???,negative
pedofile przestÄ™pcy zdrajcy ğŸ‡·ğŸ‡ºğŸ‡©ğŸ‡ª to was dajasz obraz dziwiÄ™ siÄ™ Å¼e ktoÅ› na was daje gÅ‚os na was nawet nie moÅ¼na zaszczekaÄ‡ niemiecko ruskie kundle bez pomysÅ‚u i koncepcji nic nie umiecie kaleki rudy her fuhrer ğŸ–• tfuSSk to debil psychicznie chory lizecie jajka debilowiğŸ‡·ğŸ‡ºğŸ‡©ğŸ‡ªğŸ–•ğŸŒˆğŸŒˆ,negative
O solidaryzmie i interwencjonizmie to marksista z Konfederacji nie sÅ‚yszaÅ‚. ZnieÅ›Ä‡ podatki jak w ZSRR co nie?,neutral
"to, Å¼e jest ich tak duÅ¼o Å›wiadczy o tym, Å¼e Å›wiat sie rozpada",positive
"zasÅ‚uguje ten, kto wygrywa wybory...
to takie proste",neutral
"Ty normalnie gÅ‚upi jesteÅ› do tego stopnia, Å¼e nie zauwaÅ¼yÅ‚eÅ›, Å¼e mÃ³wisz i sobie i swojej partii ğŸ˜‚ğŸ˜‚ğŸ˜‚ğŸ˜‚ Qrva, co za dzban !!!",negative
"ty Å‚ysy budka twÃ³j kolega Å‚ysy bury kundel od ruskich ogÃ³rkÃ³w Å‚ysy gramatyka nie wiedziaÅ‚ Å¼e 600.000tysi ""zarobi""jacyÅ› jebniÄ™ci jesteÅ›cie PiS was kÅ‚adzie na Å‚opatki z kaÅ¼dym pomysÅ‚em a wy na programie teletydzieÅ„ dlaleko nie zajedziecie najdalej do Berlina albo Moskwy zdrajcyğŸ‡·ğŸ‡ºğŸ–•",negative
"Janku - wrÃ³Ä‡ na lekcje polskiego. Klasa 1-3 siÄ™ kÅ‚ania. Nauczysz siÄ™ odrÃ³Å¼niaÄ‡ â€rzâ€ od â€Å¼â€, bo siara straszna w tak prostym sÅ‚owie.",neutral
A co BB robiÅ‚ po ostatniej wygranej PIS???,negative
Lepiej dzieci zabijaÄ‡ jak lewacy.,negative
OgÃ³r z tobÄ…  !!! ğŸ¤£ğŸ¤£ğŸ¤£ğŸ¤£ğŸ¤£ !!! Tfuu,negative
to szmaciarz. Nie fizycznie. Mentalnie,neutral
"Pan przeczyta ze zrozumieniem te swoje wypociny iâ€¦ najlepiej odejdzie w niebyt, lub chociaÅ¼ dla przyzwoitoÅ›ci zamknie konto .",negative
Brawo. Pan tak o sobie i swoich wyznawcach od 7 lat to czyniÄ…cych. OdwaÅ¼nie... Ten brak szacunku do instytucji publicznych i nie uznawanie demokratycznych rozstrzygniÄ™Ä‡. Nie spodziewaÅ‚am siÄ™ samokrytyki.,negative
"To jest piÄ™kne,ilekroÄ‡ pacany z opozycji coÅ› pompujÄ…,zaraz internauci ich miaÅ¼dÅ¼Ä… ğŸ¥³ğŸ¥³ğŸ¥³ğŸ¤£ğŸ¤£ğŸ¤£",negative
To ciekawe czym nazwaÄ‡ Wasz ciamajdan xd,negative
U nas atakujÄ… ogÃ³rkami i nikt z tego afery nie robi ğŸ˜‚ğŸ¤£,neutral
"CzÅ‚owiek, ktÃ³ry nie ma pojÄ™cia o niczym albo Å‚ajdak. Nie znam, nie wiem.",negative
"PrzegraÅ‚, oÅ›le, w 2007. I jakoÅ› nie wzywaÅ‚ do obalenia wÅ‚adzy. To program PO: Ulica i Zagranica.",negative
"kundel spuszczony z Å‚aÅ„cucha her fuhrer ğŸ–• tfuSSk pozwoliÅ‚ szczekaÄ‡ Å‚ysemu kundlowi niemiecka banda to chamstwo,kÅ‚amstwo,dyktatura i rusko niemiecka propaganda debile ğŸ‡·ğŸ‡ºğŸ‡©ğŸ‡ªğŸ–• kto jeszcze na to gÃ³wno oddaje gÅ‚os to zdrajcy ğŸ‡·ğŸ‡ºğŸ‡©ğŸ‡ª kochajÄ…cy NiemcÃ³w i kacapÃ³w ğŸ–• antypolska bolszewiÄ…ğŸ–•",negative
"MoÅ¼e i tak, ale herszt von Tuska nie jest w stanie z kÅ‚amstwem przeskoczyÄ‡.",negative
ğŸ˜ğŸ”¨,negative
Ulica i zagranica wpisuje siÄ™ w dokÅ‚adnie ten sam schemat nieuznawania wynikÃ³w demokratycznych wyborÃ³w itd.,negative
"Babka Tuska nie byÅ‚a w Luftwaffe, tylko byÅ‚a korektorkÄ… w niemieckim nazistowskim pisemku propagandowym. Ot, taka to familia.",negative
"Tak byÅ‚o.
To zdjÄ™cie dokumentalne protestu PolakÃ³w przed sPISkowym Å‚amaniem konstytucji RP.",positive
"A co wy totalna opozycji lewicowo-liberalna, zrobiliÅ›cie jeszcze nie tak dawno przy blokowaniu mÃ³wnicy w Sejmie. Nie wspominajÄ…c o atakach na placÃ³wki posÅ‚Ã³w PiS-u i pÅ‚omiennym atakowaniu siÅ‚owym prezesÃ³w Orlenu, NBP. Czym o siÄ™ rÃ³Å¼ni od wydarzeÅ„ w Brazylii.",negative
GÃ³wno flaga. Ban,neutral
TÄ™pa Å‚ysa paÅ‚a!!!!ğŸ¤®ğŸ·ğŸ¤®,negative
"BoÅ¼e Pan sobie ta wypowiedziÄ… ukrÄ™ciÅ‚ bat na wÅ‚asne plecy. Chociaz nie ukrywam akcja #ciamajdan byÅ‚a dosyÄ‡ zabawna. Te krÃ³tkofalÃ³wki i posÅ‚anka Å›piewajaca o ""puczu"".",negative
PO-wski tÄ™pak zapomniaÅ‚ juÅ¼ o ciamajdanie itp.,negative
A ciamajdan pamiÄ™tasz?,negative
ğŸ¤¦ğŸ¤£ğŸ˜‚ğŸ¤£ğŸ˜‚ğŸ¤£. PrzecieÅ¼ to wasza strategia.ğŸ˜‚ğŸ¤£ğŸ˜‚ğŸ¤£,negative
"OtÃ³Å¼ to, organizatorÃ³w ciamajdanu wyÅ›lijmy na POlitycznÄ… emeryturÄ™.",negative
